<?xml version="1.0" encoding="UTF-8"?>
<jcr:root xmlns:cq="http://www.day.com/jcr/cq/1.0" xmlns:jcr="http://www.jcp.org/jcr/1.0" xmlns:nt="http://www.jcp.org/jcr/nt/1.0"
    jcr:primaryType="cq:Dialog"
    xtype="dialog">
    <items
        jcr:primaryType="nt:unstructured"
        xtype="tabpanel">
        <items jcr:primaryType="cq:WidgetCollection">
            <tab
                jcr:primaryType="cq:Widget"
                title="content"
                xtype="panel">
                <items jcr:primaryType="cq:WidgetCollection">
                    <thumbnail
                        jcr:primaryType="cq:Widget"
                        fieldLabel="enter value"
                        name="./title1"
                        xtype="textfield"/>
                    <checkbox
					    jcr:primaryType="cq:Widget"
					    defaultValue="{Boolean}false"
					    fieldDescription="this is a checkbox"
					    fieldLabel="enable something"
					    name="./checkbox"
					    type="checkbox"
					    xtype="selection">
    				<listeners 
    					jcr:primaryType="nt:unstructured" 
    					selectionchanged="function(comp, val, isChecked){var dlg = comp.findParentByType('dialog');var textfield = dlg.getField('./textfield');isChecked ? textfield.enable() : textfield.disable(); }"/>
					</checkbox>
					<textfield
					    jcr:primaryType="cq:Widget"
					    fieldDescription= "this is a textfield"
					    fieldLabel="textfield..."
					    name="./textfield"
					    xtype="textfield"/>
                    <path
                        jcr:primaryType="cq:Widget"
                        fieldLabel="Path"
                        name="./path"
                        xtype="pathfield"/>
                    <textarea
                        jcr:primaryType="cq:Widget"
                        fieldLabel="text"
                        name="./area"
                        xtype="textarea"/>
                </items>
            </tab>
        </items>
    </items>
</jcr:root>
