<?xml version="1.0" encoding="UTF-8"?>
<jcr:root xmlns:cq="http://www.day.com/jcr/cq/1.0" xmlns:jcr="http://www.jcp.org/jcr/1.0" xmlns:nt="http://www.jcp.org/jcr/nt/1.0"
    jcr:primaryType="cq:Dialog"
    xtype="dialog">
    <items
        jcr:primaryType="nt:unstructured"
        xtype="tabpanel">
        <items
            jcr:primaryType="cq:WidgetCollection">
            <tab
                jcr:primaryType="cq:Widget"
                title="content"
                xtype="panel">
                <items
                    jcr:primaryType="cq:WidgetCollection">
                    <select
                        jcr:primaryType="cq:Widget"
                        fieldLabel="ShowTab"
                        name="./show"
                        type="select"
                        xtype="selection">
                        <options
                            jcr:primaryType="cq:WidgetCollection">
                            <option1
                                jcr:primaryType="nt:unstructured"
                                text="layout-one"
                                value="layout-one" />
                            <option2
                                jcr:primaryType="nt:unstructured"
                                text="layout-two"
                                value="layout-two" />
                            <option3
                                jcr:primaryType="nt:unstructured"
                                text="layout-three"
                                value="layout-three" />
                        </options>
                        <listeners
                            jcr:primaryType="nt:unstructured"
                            loadcontent="function(field){var d = field.findParentByType('tabpanel'); d.hideTabStripItem('tab2');            d.hideTabStripItem('tab3');           d.hideTabStripItem('tab4');}"
                            selectionchanged="function( field,value, isChecked ){if (field !=null){var d = field.findParentByType('tabpanel');console.log(d); console.log(value); if(value == 'layout-one'){            d.unhideTabStripItem('tab2');            d.hideTabStripItem('tab3');           d.hideTabStripItem('tab4');          }else if(value == 'layout-two'){          d.hideTabStripItem('tab2');           d.unhideTabStripItem('tab3');          d.hideTabStripItem('tab4');          }else{          d.hideTabStripItem('tab2');           d.hideTabStripItem('tab3');          d.unhideTabStripItem('tab4');          }         }         }" />
                    </select>
                </items>
            </tab>
             <layout-one
                jcr:primaryType="cq:Widget"
                title="layout-one"
                itemId="tab2"
                xtype="panel">
                <items jcr:primaryType="cq:WidgetCollection">
                    <position
                        jcr:primaryType="cq:Widget"
                        fieldLabel="Select State"
                        name="./states"
                        options="/bin/StatesServlet"
                        type="select"
                        xtype="selection"/>
                    <position1
                        jcr:primaryType="cq:Widget"
                        fieldLabel="Select Fruits"
                        name="./fruits"
                        options="/bin/FruitsServlet"
                        type="select"
                        xtype="selection"/>
                </items>
            </layout-one>
            <layout-two
                jcr:primaryType="cq:Widget"
                title="layout-two"
                itemId="tab3"
                xtype="panel">
                <items jcr:primaryType="cq:WidgetCollection">
                    <position2
                        jcr:primaryType="cq:Widget"
                        fieldLabel="Select State"
                        name="./states1"
                        options="/bin/StatesServlet"
                        type="select"
                        xtype="selection"/>
                    <position3
                        jcr:primaryType="cq:Widget"
                        fieldLabel="Select Fruits"
                        name="./fruits1"
                        options="/bin/FruitsServlet"
                        type="select"
                        xtype="selection"/>
                </items>
            </layout-two>
            <layout-three
                jcr:primaryType="cq:Widget"
                title="layout-two"
                itemId="tab4"
                xtype="panel">
                <items jcr:primaryType="cq:WidgetCollection">
                    <position4
                        jcr:primaryType="cq:Widget"
                        fieldLabel="Select State"
                        name="./states2"
                        options="/bin/StatesServlet"
                        type="select"
                        xtype="selection"/>
                    <position5
                        jcr:primaryType="cq:Widget"
                        fieldLabel="Select Fruits"
                        name="./fruits2"
                        options="/bin/FruitsServlet"
                        type="select"
                        xtype="selection"/>
                </items>
            </layout-three>
            <tab5
                jcr:primaryType="cq:Panel"
                title="tab5"
                xtype="panel">
                <items
                    jcr:primaryType="cq:WidgetCollection">
                    <loadimage
                        jcr:primaryType="cq:Widget"
                        cropParameter="./imageCrop"
                        ddGroups="[media]"
                        fileNameParameter="./fileName"
                        fileReferenceParameter="./fileReference"
                        mapParameter="./imageMap"
                        name="./file"
                        rotateParameter="./imageRotate"
                        sizeLimit="100"
                        height="200"
                        fieldLabel="Image"
                        xtype="html5smartimage">
                        <listeners
                            jcr:primaryType="nt:unstructured"
                            loadcontent="function(comp){var dlg = comp.findParentByType('dialog');var textfield = dlg.getField('./textfield');textfield.hide();console.log(dlg);}"
                            loadimage="function(comp, val, isChecked){var dlg = comp.findParentByType('dialog');var textfield = dlg.getField('./textfield');isChecked ? textfield.hide() : textfield.show(); CQ.Ext.Msg.alert('Status', 'Image Loaded!!!'); }" />
                    </loadimage>
                    <textfield1
                        jcr:primaryType="cq:Widget"
                        fieldDescription="this is a textfield"
                        fieldLabel="Textfield"
                        name="./textfield"
                        xtype="textfield" />
                </items>
            </tab5>
        </items>
    </items>
</jcr:root>